{
  "n_examples": 50,
  "mean_clap_score": 0.1587415486574173,
  "valence_mae": 0.15752390027046204,
  "arousal_mae": 0.16650229692459106,
  "valence_rmse": 0.21181146800518036,
  "arousal_rmse": 0.1943056285381317,
  "valence_ccc": 0.6151829398758777,
  "arousal_ccc": 0.7156471542390714,
  "fad": 0.08834531706179756,
  "fad_method": "clap_embedder_local_pca",
  "fad_pca_components": 49,
  "fad_n_reference": 252,
  "fad_n_generated": 50,
  "fad_reference_dir": "/root/autodl-tmp/musicgen-emotion/data/fad_reference",
  "fad_gen_dir": "/root/autodl-tmp/musicgen-emotion/eval_outputs/generated_wavs"
}