{
  "n_examples": 50,
  "mean_clap_score": 0.14709222316741943,
  "valence_mae": 0.16205577552318573,
  "arousal_mae": 0.14819546043872833,
  "valence_rmse": 0.19866713881492615,
  "arousal_rmse": 0.17582595348358154,
  "valence_ccc": 0.6725766810689856,
  "arousal_ccc": 0.761627722476623,
  "fad": 0.10019711356349464,
  "fad_method": "clap_embedder_local_pca",
  "fad_pca_components": 49,
  "fad_n_reference": 252,
  "fad_n_generated": 50,
  "fad_reference_dir": "/root/autodl-tmp/musicgen-emotion/data/fad_reference",
  "fad_gen_dir": "/root/autodl-tmp/musicgen-emotion/eval_outputs_baseline/generated_wavs"
}